r_object_id,response_to_ioms_id
0b02cba082e06a21,
0b02cba082e06a21,
0b02cba082e13234,
0b02cba082e13234,
0b02cba082e13234,
0b02cba082e13234,
0b02cba082e13234,
0b02cba082e13234,
0b02cba082e13234,
0b02cba082e13895,
0b02cba082e13895,
0b02cba082e13895,
0b02cba082e139a3,
0b02cba082e139a3,
0b02cba082e139a3,
0b02cba082e139a3,
0b02cba082e13b24,
0b02cba082e13b24,
0b02cba082e13b24,
0b02cba082e13b24,
0b02cba082e13b24,
0b02cba082e13b24,
0b02cba082e13b24,
0b02cba082e13b24,
0b02cba082e13b24,
0b02cba082e13b24,
0b02cba082e13b29,
0b02cba082e13b29,
0b02cba082e13be6,
0b02cba082e13be6,
0b02cba082e13be6,
0b02cba082e13be6,
0b02cba082e13be6,
0b02cba082e13be6,
0b02cba082e13be6,
0b02cba082e13be6,
0b02cba082e13be6,
0b02cba082e13be6,
0b02cba082e13be7,
0b02cba082e13be7,
0b02cba082e13be7,
0b02cba082e13be7,
0b02cba082e13be7,
0b02cba082e13be7,
0b02cba082e13be7,
0b02cba082e13be7,
0b02cba082e13be7,
0b02cba082e13be7,
0b02cba082e13be8,
0b02cba082e13be8,
0b02cba082e13be8,
0b02cba082e13be8,
0b02cba082e13be8,
0b02cba082e13be8,
0b02cba082e13be8,
0b02cba082e13be9,
0b02cba082e13be9,
0b02cba082e13be9,
0b02cba082e13be9,
0b02cba082e13f26,
0b02cba082e13f26,
0b02cba082e140e1,
0b02cba082e140e1,
0b02cba082e141c5,
0b02cba082e141c5,
0b02cba082e141c6,
0b02cba082e141c6,
0b02cba082e141cb,
0b02cba082e141cb,
0b02cba082e141cb,
0b02cba082e141cb,
0b02cba082e141cb,
0b02cba082e141cb,
0b02cba082e14379,
0b02cba082e14379,
0b02cba082e14379,
0b02cba082e14379,
0b02cba082e14379,
0b02cba082e14379,
0b02cba082e1437a,
0b02cba082e1437a,
0b02cba082e14381,
0b02cba082e14381,
0b02cba082e14381,
0b02cba082e14381,
0b02cba082e14381,
0b02cba082e14381,
0b02cba082e15114,
0b02cba082e15114,
0b02cba082e15114,
0b02cba082e15114,
0b02cba082e1550a,
0b02cba082e1550a,
0b02cba082e1550a,
0b02cba082e1550a,
0b02cba082e1550a,
0b02cba082e1550a,
0b02cba082e1550a,
0b02cba082e1550a,
0b02cba082e1550b,
0b02cba082e1550b,
0b02cba082e1550b,
0b02cba082e1550b,
0b02cba082e1550b,
0b02cba082e1550b,
0b02cba082e1550b,
0b02cba082e15941,
0b02cba082e15941,
0b02cba082e15941,
0b02cba082e15941,
0b02cba082e15946,
0b02cba082e15946,
0b02cba082e15946,
0b02cba082e15946,
0b02cba082e15946,
0b02cba082e15946,
0b02cba082e15946,
0b02cba082e15946,
0b02cba082e15946,
0b02cba082e15946,
0b02cba082e15947,
0b02cba082e15947,
0b02cba082e15947,
0b02cba082e15947,
0b02cba082e15947,
0b02cba082e15947,
0b02cba082e15947,
0b02cba082e15947,
0b02cba082e15947,
0b02cba082e15947,
0b02cba082e15948,
0b02cba082e15948,
0b02cba082e15948,
0b02cba082e15948,
0b02cba082e15948,
0b02cba082e15948,
0b02cba082e15948,
0b02cba082e15948,
0b02cba082e15948,
0b02cba082e15948,
0b02cba082e15949,
0b02cba082e15949,
0b02cba082e15949,
0b02cba082e15949,
0b02cba082e15949,
0b02cba082e15949,
0b02cba082e15949,
0b02cba082e15949,
0b02cba082e15949,
0b02cba082e15949,
0b02cba082e15d78,
0b02cba082e15d78,
0b02cba082e15d78,
0b02cba082e15d78,
0b02cba082e15d78,
0b02cba082e15d78,
0b02cba082e15d78,
0b02cba082e15d78,
0b02cba082e16524,
0b02cba082e16524,
0b02cba082e16524,
0b02cba082e16524,
0b02cba082e16524,
0b02cba082e16524,
0b02cba082e16524,
0b02cba082e1692b,
0b02cba082e1692b,
0b02cba082e1692b,
0b02cba082e1692b,
0b02cba082e1692b,
0b02cba082e1692b,
0b02cba082e1692b,
0b02cba082e1692b,
0b02cba082e16b37,
0b02cba082e16b37,
0b02cba082e16b37,
0b02cba082e16b37,
0b02cba082e16b37,
0b02cba082e16b37,
0b02cba082e16b37,
0b02cba082e16b37,
0b02cba082e16b37,
0b02cba082e16b37,
0b02cba082e16b38,
0b02cba082e16b38,
0b02cba082e16b38,
0b02cba082e16b38,
0b02cba082e16b38,
0b02cba082e16b38,
0b02cba082e16b38,
0b02cba082e16b38,
0b02cba082e16b38,
0b02cba082e16b38,
0b02cba082e16b39,
0b02cba082e16b39,
0b02cba082e16b39,
0b02cba082e16b39,
0b02cba082e16b39,
0b02cba082e16b39,
0b02cba082e16b39,
0b02cba082e16b39,
0b02cba082e16b39,
0b02cba082e16b39,
0b02cba082e16b3a,
0b02cba082e16b3a,
0b02cba082e16b3a,
0b02cba082e16b3a,
0b02cba082e16b3a,
0b02cba082e16b3a,
0b02cba082e16b3a,
0b02cba082e16b3a,
0b02cba082e16b3a,
0b02cba082e16b3a,
0b02cba082e16b3b,
0b02cba082e16b3b,
0b02cba082e16b3b,
0b02cba082e16b3b,
0b02cba082e16b3b,
0b02cba082e16b3b,
0b02cba082e16b3b,
0b02cba082e16b3b,
0b02cba082e16b3b,
0b02cba082e16b3b,
0b02cba082e16b3c,
0b02cba082e16b3c,
0b02cba082e16b3c,
0b02cba082e16b3c,
0b02cba082e16b3c,
0b02cba082e16b3c,
0b02cba082e16b3c,
0b02cba082e16b3c,
0b02cba082e16b3c,
0b02cba082e16b3c,
0b02cba082e16b3d,
0b02cba082e16b3d,
0b02cba082e16b3d,
0b02cba082e16b3d,
0b02cba082e16b3d,
0b02cba082e16b3d,
0b02cba082e16b3d,
0b02cba082e16b3d,
0b02cba082e16b3d,
0b02cba082e16b3d,
0b02cba082e16b3e,
0b02cba082e16b3e,
0b02cba082e16b3e,
0b02cba082e16b3e,
0b02cba082e16b3e,
0b02cba082e16b3e,
0b02cba082e16b3e,
0b02cba082e16b3e,
0b02cba082e16b3e,
0b02cba082e16b3e,
0b02cba082e16b3f,
0b02cba082e16b3f,
0b02cba082e16b3f,
0b02cba082e16b3f,
0b02cba082e16b3f,
0b02cba082e16b3f,
0b02cba082e16b3f,
0b02cba082e16b3f,
0b02cba082e16b3f,
0b02cba082e16b3f,
0b02cba082e16b40,
0b02cba082e16b40,
0b02cba082e16b40,
0b02cba082e16b40,
0b02cba082e16b40,
0b02cba082e16b40,
0b02cba082e16b40,
0b02cba082e16b40,
0b02cba082e16b40,
0b02cba082e16b40,
0b02cba082e16b41,
0b02cba082e16b41,
0b02cba082e16b41,
0b02cba082e16b41,
0b02cba082e16b41,
0b02cba082e16b41,
0b02cba082e16b41,
0b02cba082e16b41,
0b02cba082e16b41,
0b02cba082e16b41,
0b02cba082e16b42,
0b02cba082e16b42,
0b02cba082e16b42,
0b02cba082e16b42,
0b02cba082e16b42,
0b02cba082e16b42,
0b02cba082e16b42,
0b02cba082e16b42,
0b02cba082e16b42,
0b02cba082e16b42,
0b02cba082e16b43,
0b02cba082e16b43,
0b02cba082e16b43,
0b02cba082e16b43,
0b02cba082e16b43,
0b02cba082e16b43,
0b02cba082e16b43,
0b02cba082e16b43,
0b02cba082e16b43,
0b02cba082e16b43,
0b02cba082e16b44,
0b02cba082e16b44,
0b02cba082e16b44,
0b02cba082e16b44,
0b02cba082e16b44,
0b02cba082e16b44,
0b02cba082e16b44,
0b02cba082e16b44,
0b02cba082e16b44,
0b02cba082e16b44,
0b02cba082e16b45,
0b02cba082e16b45,
0b02cba082e16b45,
0b02cba082e16b45,
0b02cba082e16b45,
0b02cba082e16b45,
0b02cba082e16b45,
0b02cba082e16b45,
0b02cba082e16b45,
0b02cba082e16b45,
0b02cba082e16b46,
0b02cba082e16b46,
0b02cba082e16b46,
0b02cba082e16b46,
0b02cba082e16b46,
0b02cba082e16b46,
0b02cba082e16b46,
0b02cba082e16b46,
0b02cba082e16b46,
0b02cba082e16b46,
0b02cba082e16b47,
0b02cba082e16b47,
0b02cba082e16b47,
0b02cba082e16b47,
0b02cba082e16b47,
0b02cba082e16b47,
0b02cba082e16b47,
0b02cba082e16b47,
0b02cba082e16b47,
0b02cba082e16b47,
0b02cba082e16b48,
0b02cba082e16b48,
0b02cba082e16b48,
0b02cba082e16b48,
0b02cba082e16b48,
0b02cba082e16b48,
0b02cba082e16b48,
0b02cba082e16b48,
0b02cba082e16b48,
0b02cba082e16b48,
0b02cba082e16b49,
0b02cba082e16b49,
0b02cba082e16b49,
0b02cba082e16b49,
0b02cba082e16b49,
0b02cba082e16b49,
0b02cba082e16b49,
0b02cba082e16b49,
0b02cba082e16b49,
0b02cba082e16b49,
0b02cba082e16b4a,
0b02cba082e16b4a,
0b02cba082e16b4a,
0b02cba082e16b4a,
0b02cba082e16b4a,
0b02cba082e16b4a,
0b02cba082e16b4a,
0b02cba082e16b4a,
0b02cba082e16b4a,
0b02cba082e16b4a,
0b02cba082e16b4b,
0b02cba082e16b4b,
0b02cba082e16b4b,
0b02cba082e16b4b,
0b02cba082e16b4b,
0b02cba082e16b4b,
0b02cba082e16b4b,
0b02cba082e16b4b,
0b02cba082e16b4b,
0b02cba082e16b4b,
0b02cba082e16b4c,
0b02cba082e16b4c,
0b02cba082e16b4c,
0b02cba082e16b4c,
0b02cba082e16b4c,
0b02cba082e16b4c,
0b02cba082e16b4c,
0b02cba082e16b4c,
0b02cba082e16b4c,
0b02cba082e16b4c,
0b02cba082e16b4d,
0b02cba082e16b4d,
0b02cba082e16b4d,
0b02cba082e16b4d,
0b02cba082e16b4d,
0b02cba082e16b4d,
0b02cba082e16b4d,
0b02cba082e16b4d,
0b02cba082e16b4d,
0b02cba082e16b4d,
0b02cba082e16b4e,
0b02cba082e16b4e,
0b02cba082e16b4e,
0b02cba082e16b4e,
0b02cba082e16b4e,
0b02cba082e16b4e,
0b02cba082e16b4e,
0b02cba082e16b4e,
0b02cba082e16b4e,
0b02cba082e16b4e,
0b02cba082e16b4f,
0b02cba082e16b4f,
0b02cba082e16b4f,
0b02cba082e16b4f,
0b02cba082e16b4f,
0b02cba082e16b4f,
0b02cba082e16b4f,
0b02cba082e16b4f,
0b02cba082e16b4f,
0b02cba082e16b4f,
0b02cba082e16b50,
0b02cba082e16b50,
0b02cba082e16b50,
0b02cba082e16b50,
0b02cba082e16b50,
0b02cba082e16b50,
0b02cba082e16b50,
0b02cba082e16b50,
0b02cba082e16b50,
0b02cba082e16b50,
0b02cba082e16b51,
0b02cba082e16b51,
0b02cba082e16b51,
0b02cba082e16b51,
0b02cba082e16b51,
0b02cba082e16b51,
0b02cba082e16b51,
0b02cba082e16b51,
0b02cba082e16b51,
0b02cba082e16b51,
0b02cba082e16b52,
0b02cba082e16b52,
0b02cba082e16b52,
0b02cba082e16b52,
0b02cba082e16b52,
0b02cba082e16b52,
0b02cba082e16b52,
0b02cba082e16b52,
0b02cba082e16b52,
0b02cba082e16b52,
0b02cba082e16b53,
0b02cba082e16b53,
0b02cba082e16b53,
0b02cba082e16b53,
0b02cba082e16b53,
0b02cba082e16b53,
0b02cba082e16b53,
0b02cba082e16b53,
0b02cba082e16b53,
0b02cba082e16b53,
0b02cba082e16b54,
0b02cba082e16b54,
0b02cba082e16b54,
0b02cba082e16b54,
0b02cba082e16b54,
0b02cba082e16b54,
0b02cba082e16b54,
0b02cba082e16b54,
0b02cba082e16b54,
0b02cba082e16b54,
0b02cba082e16b55,
0b02cba082e16b55,
0b02cba082e16b55,
0b02cba082e16b55,
0b02cba082e16b55,
0b02cba082e16b55,
0b02cba082e16b55,
0b02cba082e16b55,
0b02cba082e16b55,
0b02cba082e16b55,
0b02cba082e16b56,
0b02cba082e16b56,
0b02cba082e16b56,
0b02cba082e16b56,
0b02cba082e16b56,
0b02cba082e16b56,
0b02cba082e16b56,
0b02cba082e16b56,
0b02cba082e16b56,
0b02cba082e16b56,
0b02cba082e16b57,
0b02cba082e16b57,
0b02cba082e16b57,
0b02cba082e16b57,
0b02cba082e16b57,
0b02cba082e16b57,
0b02cba082e16b57,
0b02cba082e16b57,
0b02cba082e16b57,
0b02cba082e16b57,
0b02cba082e16b58,
0b02cba082e16b58,
0b02cba082e16b58,
0b02cba082e16b58,
0b02cba082e16b58,
0b02cba082e16b58,
0b02cba082e16b58,
0b02cba082e16b58,
0b02cba082e16b58,
0b02cba082e16b58,
0b02cba082e16b59,
0b02cba082e16b59,
0b02cba082e16b59,
0b02cba082e16b59,
0b02cba082e16b59,
0b02cba082e16b59,
0b02cba082e16b59,
0b02cba082e16b59,
0b02cba082e16b59,
0b02cba082e16b59,
0b02cba082e16d08,
0b02cba082e16d08,
0b02cba082e16d08,
0b02cba082e16d08,
0b02cba082e16d08,
0b02cba082e16d0d,
0b02cba082e16d0d,
0b02cba082e16d0d,
0b02cba082e16d0d,
0b02cba082e16d0d,
0b02cba082e16d0d,
0b02cba082e16d0d,
0b02cba082e16d0e,
0b02cba082e16d0e,
0b02cba082e16d0e,
0b02cba082e16d0e,
0b02cba082e16d0e,
0b02cba082e16d0e,
0b02cba082e16d0e,
0b02cba082e17490,
0b02cba082e17490,
0b02cba082e17491,
0b02cba082e17491,
0b02cba082e17492,
0b02cba082e17492,
0b02cba082e17492,
0b02cba082e17492,
0b02cba082e17492,
0b02cba082e17492,
